{
  "best_global_step": null,
  "best_metric": null,
  "best_model_checkpoint": null,
  "epoch": 3.0,
  "eval_steps": 500,
  "global_step": 39,
  "is_hyper_param_search": false,
  "is_local_process_zero": true,
  "is_world_process_zero": true,
  "log_history": [
    {
      "epoch": 1.0,
      "eval_loss": 0.7476893663406372,
      "eval_runtime": 0.4756,
      "eval_samples_per_second": 210.249,
      "eval_steps_per_second": 27.332,
      "step": 13
    },
    {
      "epoch": 2.0,
      "eval_loss": 0.6108596920967102,
      "eval_runtime": 1.0091,
      "eval_samples_per_second": 99.098,
      "eval_steps_per_second": 12.883,
      "step": 26
    }
  ],
  "logging_steps": 500,
  "max_steps": 39,
  "num_input_tokens_seen": 0,
  "num_train_epochs": 3,
  "save_steps": 500,
  "stateful_callbacks": {
    "TrainerControl": {
      "args": {
        "should_epoch_stop": false,
        "should_evaluate": false,
        "should_log": false,
        "should_save": true,
        "should_training_stop": true
      },
      "attributes": {}
    }
  },
  "total_flos": 19667330611200.0,
  "train_batch_size": 8,
  "trial_name": null,
  "trial_params": null
}
